Id,,Name,,Date,,Time,

644,,,03-03-2023,,01:35:37,

644,,,03-03-2023,,01:35:37,

644,,,03-03-2023,,01:35:38,

644,,,03-03-2023,,01:35:38,

644,,,03-03-2023,,01:35:38,

644,,,03-03-2023,,01:35:39,

644,,,03-03-2023,,01:35:40,

644,,,03-03-2023,,01:35:40,

644,,,03-03-2023,,01:35:40,

644,,,03-03-2023,,01:35:40,

644,,,03-03-2023,,01:35:40,

644,,,03-03-2023,,01:35:40,

644,,,03-03-2023,,01:35:40,

644,,,03-03-2023,,01:35:41,

644,,,03-03-2023,,01:35:41,

644,,,03-03-2023,,01:35:41,

644,,,03-03-2023,,01:35:41,

644,,,03-03-2023,,01:35:41,

644,,,03-03-2023,,01:35:41,

644,,,03-03-2023,,01:35:41,

644,,,03-03-2023,,01:35:41,

644,,,03-03-2023,,01:35:41,

644,,,03-03-2023,,01:35:42,

644,,,03-03-2023,,01:35:42,

644,,,03-03-2023,,01:35:42,

644,,,03-03-2023,,01:35:42,

644,,,03-03-2023,,01:35:42,

644,,,03-03-2023,,01:35:42,

644,,,03-03-2023,,01:35:42,

644,,,03-03-2023,,01:35:42,

644,,,03-03-2023,,01:35:43,

644,,,03-03-2023,,01:35:43,

644,,,03-03-2023,,01:35:43,

644,,,03-03-2023,,01:35:43,

644,,,03-03-2023,,01:35:43,

644,,,03-03-2023,,01:35:43,

644,,,03-03-2023,,01:35:43,

644,,,03-03-2023,,01:35:43,

644,,,03-03-2023,,01:35:43,

644,,,03-03-2023,,01:35:44,

644,,,03-03-2023,,01:35:44,

644,,,03-03-2023,,01:35:44,

644,,,03-03-2023,,01:35:44,

644,,,03-03-2023,,01:37:23,

644,,,03-03-2023,,01:37:23,

644,,,03-03-2023,,01:37:23,

644,,,03-03-2023,,01:37:23,

644,,,03-03-2023,,01:37:23,

644,,,03-03-2023,,01:37:23,

644,,,03-03-2023,,01:37:23,

644,,,03-03-2023,,01:37:23,

644,,,03-03-2023,,01:37:23,

644,,,03-03-2023,,01:37:23,

644,,,03-03-2023,,01:37:24,

644,,,03-03-2023,,01:37:24,

644,,,03-03-2023,,01:37:24,

644,,,03-03-2023,,01:37:24,

644,,,03-03-2023,,01:37:25,

644,,,03-03-2023,,01:37:25,

644,,,03-03-2023,,01:37:25,

644,,,03-03-2023,,01:37:25,

644,,,03-03-2023,,01:37:25,

644,,,03-03-2023,,01:37:25,

644,,,03-03-2023,,01:37:25,

644,,,03-03-2023,,01:37:25,

644,,,03-03-2023,,01:37:26,

644,,,03-03-2023,,01:38:06,

644,,,03-03-2023,,01:38:06,

644,,,03-03-2023,,01:38:07,

644,,,03-03-2023,,01:38:07,

644,,,03-03-2023,,01:38:07,

644,,,03-03-2023,,01:38:07,

644,,,03-03-2023,,01:38:07,

644,,,03-03-2023,,01:38:07,

644,,,03-03-2023,,01:38:07,

644,,,03-03-2023,,01:38:07,

644,,,03-03-2023,,01:38:07,

644,,,03-03-2023,,01:38:07,

644,,,03-03-2023,,01:38:07,

644,,,03-03-2023,,01:38:08,

644,,,03-03-2023,,01:38:08,

644,,,03-03-2023,,01:38:08,

644,,,03-03-2023,,01:38:08,

644,,,03-03-2023,,01:38:08,

644,,,03-03-2023,,01:38:08,

644,,,03-03-2023,,01:38:08,

644,,,03-03-2023,,01:38:08,

644,,,03-03-2023,,01:38:08,

644,,,03-03-2023,,01:38:08,

644,,,03-03-2023,,01:38:09,

644,,,03-03-2023,,01:38:09,

644,,,03-03-2023,,01:38:09,

644,,,03-03-2023,,01:38:09,

644,,,03-03-2023,,01:38:09,

644,,,03-03-2023,,01:38:09,

644,,,03-03-2023,,01:38:09,

644,,,03-03-2023,,01:38:09,

644,,,03-03-2023,,01:38:09,

644,,,03-03-2023,,01:38:10,

644,,,03-03-2023,,01:38:10,

644,,,03-03-2023,,01:38:10,

644,,,03-03-2023,,01:38:10,

644,,,03-03-2023,,01:38:10,

644,,,03-03-2023,,01:38:10,

644,,,03-03-2023,,01:38:11,

644,,,03-03-2023,,01:41:12,

644,,,03-03-2023,,01:41:12,

644,,,03-03-2023,,01:41:12,

644,,,03-03-2023,,01:41:12,

644,,,03-03-2023,,01:41:12,

644,,,03-03-2023,,01:41:12,

644,,,03-03-2023,,01:41:13,

644,,,03-03-2023,,01:41:13,

644,,,03-03-2023,,01:41:13,

644,,,03-03-2023,,01:41:13,

644,,,03-03-2023,,01:41:13,

644,,,03-03-2023,,01:41:13,

644,,,03-03-2023,,01:41:13,

644,,,03-03-2023,,01:41:13,

644,,,03-03-2023,,01:41:13,

644,,,03-03-2023,,01:41:13,

644,,,03-03-2023,,01:41:14,

644,,,03-03-2023,,01:41:14,

644,,,03-03-2023,,01:41:14,

644,,,03-03-2023,,01:41:14,

644,,,03-03-2023,,01:41:14,

644,,,03-03-2023,,01:44:05,

644,,,03-03-2023,,01:45:11,
644,,,03-03-2023,,01:45:13,
644,,,03-03-2023,,01:45:14,
644,,,03-03-2023,,01:45:14,
644,,,03-03-2023,,01:47:40,
644,,,03-03-2023,,01:47:41,
644,,,03-03-2023,,01:47:41,
644,,,03-03-2023,,01:47:42,
644,,,03-03-2023,,01:47:42,
644,,,03-03-2023,,01:47:42,
644,,,03-03-2023,,01:47:42,
644,,,03-03-2023,,01:49:01,
644,,,03-03-2023,,01:49:01,
644,,,03-03-2023,,01:49:01,
644,,,03-03-2023,,01:49:01,
644,,,03-03-2023,,01:49:01,
644,,,03-03-2023,,01:49:26,
644,,,03-03-2023,,01:49:26,
644,,,03-03-2023,,01:49:31,
644,,,03-03-2023,,01:49:31,
644,,,03-03-2023,,01:49:59,
644,,,03-03-2023,,01:50:01,
644,,,03-03-2023,,01:50:01,
644,,,03-03-2023,,01:50:02,
644,,,03-03-2023,,01:50:02,
644,,,03-03-2023,,01:50:02,
644,,,03-03-2023,,01:50:02,
644,,,03-03-2023,,01:50:35,
644,,,03-03-2023,,01:50:35,
644,,,03-03-2023,,01:50:35,
644,,,03-03-2023,,01:50:36,
644,,,03-03-2023,,01:50:36,
644,,,03-03-2023,,01:50:36,
644,,,03-03-2023,,01:50:36,
644,,,03-03-2023,,01:50:36,
644,,,03-03-2023,,01:50:39,
644,,,03-03-2023,,01:50:39,
644,,,03-03-2023,,01:50:39,
644,,,03-03-2023,,01:50:39,
644,,,03-03-2023,,01:50:39,
644,,,03-03-2023,,01:50:39,
644,,,03-03-2023,,02:00:17,
644,,,03-03-2023,,02:00:18,
644,,,03-03-2023,,02:00:18,
644,,,03-03-2023,,02:00:18,
644,,,03-03-2023,,02:00:18,
644,,,03-03-2023,,02:00:19,
644,,,03-03-2023,,02:00:19,
644,,,03-03-2023,,02:00:19,
644,,,03-03-2023,,02:00:19,
644,,,03-03-2023,,02:00:19,
644,,,03-03-2023,,02:00:20,
644,,,03-03-2023,,02:00:20,
644,,,03-03-2023,,02:00:20,
644,,,03-03-2023,,02:05:23,
644,,,03-03-2023,,02:05:23,
644,,,03-03-2023,,02:05:23,
644,,,03-03-2023,,02:05:23,
644,,,03-03-2023,,02:05:23,
644,,,03-03-2023,,02:05:24,
644,,,03-03-2023,,02:06:05,
644,,,03-03-2023,,02:06:05,
644,,,03-03-2023,,02:06:06,
644,,,03-03-2023,,02:06:06,
644,,,03-03-2023,,02:06:06,
644,,,03-03-2023,,02:06:06,
644,,,03-03-2023,,02:06:07,
644,,,03-03-2023,,02:13:46,
644,,,03-03-2023,,02:13:46,
644,,,03-03-2023,,02:16:20,
644,,,03-03-2023,,02:16:21,
644,,,03-03-2023,,02:16:21,
644,,,03-03-2023,,02:16:22,
644,,,03-03-2023,,02:21:17,
644,,,03-03-2023,,02:21:17,
644,,,03-03-2023,,02:21:17,
644,,,03-03-2023,,02:21:17,
644,,,03-03-2023,,02:21:18,
644,,,03-03-2023,,02:21:18,
644,,,03-03-2023,,02:21:18,
644,,,03-03-2023,,02:27:56,
644,,,03-03-2023,,02:28:59,
644,,,03-03-2023,,02:28:59,
644,,,03-03-2023,,02:28:59,
644,,,03-03-2023,,02:29:00,
644,,,03-03-2023,,02:29:00,
644,,,03-03-2023,,02:29:00,
644,,,03-03-2023,,02:29:00,
644,,,03-03-2023,,02:29:00,
